Model,Accuracy,AUC,Precision,Recall,F1,MCC
Logistic Regression,0.81,0.7269867506354779,0.6926503340757239,0.23686214775323686,0.3530079455164586,0.32592645031754947
Decision Tree,0.725,0.6108290647219684,0.3802416488983653,0.4074638233054075,0.39338235294117646,0.21607083083642947
K-Nearest Neighbor,0.795,0.7077729215208699,0.5486518171160609,0.3564356435643564,0.43213296398891965,0.3247460167873724
Naive Bayes,0.707,0.7370833848578273,0.3966558290757083,0.6504188880426505,0.4927870744373918,0.3217503541630435
Random Forest,0.816,0.7570416041128163,0.6384105960264901,0.3670982482863671,0.4661508704061896,0.38502070547959105
XGBoost,0.8148333333333333,0.7749595346529778,0.6346666666666667,0.3625285605483625,0.46146388754241396,0.38013835422721687
